{
    "mean": [
        0.5008487105369568,
        0.47193169593811035,
        0.4340549409389496
    ],
    "std": [
        0.27702850103378296,
        0.26803046464920044,
        0.280874639749527
    ]
}