{
    "mean": [
        0.5085688233375549,
        0.4808960258960724,
        0.44489577412605286
    ],
    "std": [
        0.2823546528816223,
        0.27383095026016235,
        0.2858031988143921
    ]
}